{
    "author": "Josh.5",
    "compatibility": [
        1,
        2
    ],
    "description": "Removes all image streams (if any exist) from video streams.",
    "icon": "https://raw.githubusercontent.com/Josh5/unmanic.plugin.strip_image_streams/master/icon.png",
    "id": "strip_image_streams2",
    "name": "Strip all image streams from file - PR'd lib/ffmpeg",
    "platform": [
        "all"
    ],
    "priorities": {
        "on_library_management_file_test": 99,
        "on_worker_process": 1
    },
    "tags": "video,ffmpeg,library file test",
    "version": "0.0.9"
}
