{
    "author": "yajrendrag",
    "compatibility": [
        2
    ],
    "description": "Converts dts audio to eac3",
    "icon": "https://raw.githubusercontent.com/Unmanic/plugin.encoder_audio_aac/master/icon.png",
    "id": "convert_dts_to_eac3",
    "name": "Convert DTS to eac3",
    "platform": [
        "all"
    ],
    "priorities": {
        "on_library_management_file_test": 99,
        "on_worker_process": 0
    },
    "tags": "audio,encoder,ffmpeg,library file test",
    "version": "0.0.2"
}
