{
    "author": "yajrendrag",
    "compatibility": [
        1,
        2
    ],
    "description": "Set original audio language to be the first audio stream",
    "icon": "https://raw.githubusercontent.com/Josh5/unmanic.plugin.reorder_audio_streams_by_language/master/icon.png",
    "id": "add_srt_to_video",
    "name": "Add SRT to video",
    "platform": [
        "all"
    ],
    "priorities": {
        "on_library_management_file_test": 99,
        "on_worker_process": 2
    },
    "tags": "subtitle,ffmpeg,library file test",
    "version": "0.0.15"
}
