{
    "author": "yajrendrag",
    "compatibility": [
        2
    ],
    "description": "Creates an extra stereo libfdk stereo audio stream from existing audio stream",
    "icon": "https://raw.githubusercontent.com/Unmanic/plugin.encoder_audio_aac/master/icon.png",
    "id": "convert_multichan_audio_to_2ch",
    "name": "Convert multichannel audio to 2 channel",
    "platform": [
        "all"
    ],
    "priorities": {
        "on_library_management_file_test": 99,
        "on_worker_process": 0
    },
    "tags": "audio,encoder,ffmpeg,library file test",
    "version": "0.0.2"
}
