{
    "author": "Josh.5",
    "compatibility": [
        1,
        2
    ],
    "description": "Removes data streams identified by metadata codec_type = data &/or codec_name = bin_data.",
    "icon": "https://raw.githubusercontent.com/Josh5/unmanic.plugin.remove_image_subtitles/master/icon.png",
    "id": "remove_data_streams",
    "name": "Remove data streams",
    "platform": [
        "all"
    ],
    "priorities": {
        "on_library_management_file_test": 50,
        "on_worker_process": 1
    },
    "tags": "subtitle,data,ffmpeg,library file test",
    "version": "0.0.7"
}
