{
    "author": "yajrendrag",
    "compatibility": [
        2
    ],
    "description": "Creates an extra multichannel audio stream from existing multichannel, DD+ or TrueHD stream",
    "icon": "https://raw.githubusercontent.com/Unmanic/plugin.encoder_audio_aac/master/icon.png",
    "id": "add_extra_multichannel_audio",
    "name": "Add extra multichannel audio",
    "platform": [
        "all"
    ],
    "priorities": {
        "on_library_management_file_test": 99,
        "on_worker_process": 0
    },
    "tags": "audio,encoder,ffmpeg,library file test",
    "version": "0.0.18"
}
