{
    "author": "yajrendrag",
    "compatibility": [
        2
    ],
    "description": "Converts truehd, dts, or eac3 multichannel audio to aac or ac3",
    "icon": "https://raw.githubusercontent.com/Unmanic/plugin.encoder_audio_aac/master/icon.png",
    "id": "convert_multichannel_audio_to_aac_or_ac3",
    "name": "Convert multichannel audio to aac or ac3",
    "platform": [
        "all"
    ],
    "priorities": {
        "on_library_management_file_test": 99,
        "on_worker_process": 0
    },
    "tags": "audio,encoder,ffmpeg,library file test",
    "version": "0.0.1"
}
